{
    "S": [
        "<S>",
        "N",
        "M",
        "V",
        "<E>"
    ],
    "O": [
        "Mary",
        "Jane",
        "Will",
        "Spot",
        "Can",
        "See",
        "Pat"
    ],
    "P_trans": {
        "<S>": {
            "N": 0.75,
            "M": 0.25,
            "V": 0,
            "<E>": 0
        },
        "N": {
            "N": 0.1111111111111111,
            "M": 0.3333333333333333,
            "V": 0.1111111111111111,
            "<E>": 0.4444444444444444
        },
        "M": {
            "N": 0.25,
            "M": 0,
            "V": 0.75,
            "<E>": 0
        },
        "V": {
            "N": 1,
            "M": 0,
            "V": 0,
            "<E>": 0
        }
    },
    "P_emission": {
        "N": {
            "Mary": 0.4444444444444444,
            "Jane": 0.2222222222222222,
            "Will": 0.1111111111111111,
            "Spot": 0.2222222222222222,
            "Can": 0,
            "See": 0,
            "Pat": 0
        },
        "M": {
            "Mary": 0,
            "Jane": 0,
            "Will": 0.75,
            "Spot": 0,
            "Can": 0.25,
            "See": 0,
            "Pat": 0
        },
        "V": {
            "Mary": 0,
            "Jane": 0,
            "Will": 0,
            "Spot": 0.25,
            "Can": 0,
            "See": 0.5,
            "Pat": 0.25
        }
    }
}
